[
  {
    "id": 5,
    "person": "Eifell Sync"
  },
  {
    "id": 6,
    "person": "Zukhar Thurc"
  },
  {
    "id": 3,
    "person": "Indiga Gabic"
  },
  {
    "id": 15,
    "person": "Eifell Sync"
  },
  {
    "id": 8,
    "person": "Eifell Sync"
  },
  {
    "id": 13,
    "person": "Ixel Bane"
  },
  {
    "id": 1,
    "person": "Vox Populi"
  },
  {
    "id": 10,
    "person": "Vox Populi"
  },
  {
    "id": 14,
    "person": "Vox Populi"
  },
  {
    "id": 9,
    "person": "Eifell Sync"
  },
  {
    "id": 2,
    "person": "Saine"
  },
  {
    "id": 4,
    "person": "Qort Xurst"
  },
  {
    "id": 8,
    "person": "Kaliowe Okalinaine"
  },
  {
    "id": 1,
    "person": "Baron Newhousen"
  },
  {
    "id": 14,
    "person": "Dante"
  },
  {
    "id": 7,
    "person": "Dante"
  },
  {
    "id": 14,
    "person": "Eifell Sync"
  },
  {
    "id": 10,
    "person": "Moria Bane"
  },
  {
    "id": 3,
    "person": "Pokolri Paputo"
  },
  {
    "id": 15,
    "person": "Moria Bane"
  },
  {
    "id": 14,
    "person": "Viria Destr"
  },
  {
    "id": 11,
    "person": "Moria Bane"
  },
  {
    "id": 14,
    "person": "Pokolri Paputo"
  },
  {
    "id": 12,
    "person": "Imira Piece"
  },
  {
    "id": 1,
    "person": "Antra Foul"
  }
]