[
  {
    "name": "Asylus Ovelox",
    "homePlanet": "Kepler-1"
  },
  {
    "name": "Indiga Gabic",
    "homePlanet": "Votager-10"
  },
  {
    "name": "Eifell Sync",
    "homePlanet": "Voyager-10"
  },
  {
    "name": "Zukhar Thurc",
    "homePlanet": "Kepler-3"
  },
  {
    "name": "Ixel Bane",
    "homePlanet": "Voyager-11"
  },
  {
    "name": "Baron Newhousen",
    "homePlanet": "Voyager-11"
  },
  {
    "name": "Moria Bane",
    "homePlanet": "Alpha-N20"
  },
  {
    "name": "Viria Destr",
    "homePlanet": "Alpha-N20"
  },
  {
    "name": "Seren Joseph",
    "homePlanet": "Alpha-N20"
  },
  {
    "name": "Vox Populi",
    "homePlanet": "Alpha-N45"
  },
  {
    "name": "Antra Foul",
    "homePlanet": "Kepler-6"
  },
  {
    "name": "Isdislav Irenovic",
    "homePlanet": "Voyager-11"
  },
  {
    "name": "Aina",
    "homePlanet": "Alpha-N45"
  },
  {
    "name": "Dante",
    "homePlanet": "Indigo-3"
  },
  {
    "name": "Imira Piece",
    "homePlanet": "Alpha-20"
  },
  {
    "name": "Kaliowe Okalinaine",
    "homePlanet": "Kepler-1"
  },
  {
    "name": "Pokolri Paputo",
    "homePlanet": "Alpha-N20"
  },
  {
    "name": "Nero",
    "homePlanet": "Kepler-6"
  },
  {
    "name": "Saine",
    "homePlanet": "Kepler-1"
  },
  {
    "name": "Qort Xurst",
    "homePlanet": "Alpha-N20"
  }
]